k,grid,Ts_ms,Tp_ms,speedup
1,100,77,44,1.75
1,200,331,137,2.41606
1,400,1293,506,2.55534
2,100,77,43,1.7907
2,200,331,152,2.17763
2,400,1293,535,2.41682
4,100,77,43,1.7907
4,200,331,151,2.19205
4,400,1293,476,2.71639
8,100,77,46,1.67391
8,200,331,154,2.14935
8,400,1293,492,2.62805
16,100,77,43,1.7907
16,200,331,152,2.17763
16,400,1293,467,2.76874
