machine,grid,rho,seed,Ts_ms,Tp_ms,speedup
nightmare,100,0.08,1,1309,490,2.671429
nightmare,150,0.08,1,2029,697,2.911047
nightmare,496,0.08,1,16610,4284,3.877218
nightmare,200,0.08,1,2109,642,3.285047
nightmare,512,0.08,1,28270,7992,3.537287
